top_n,rolling100_mean_score,rolling100_median_score,rolling100_min_score,rolling100_neg_windows,rolling100_mean_std_pl,rolling100_max_std_pl
5,133.60420138115467,138.7164119426888,82.94492868567062,0,460.9649072644579,502.68288383493217
10,259.5811044707519,251.85248533842736,73.945442019649,0,677.2177421801466,782.8401637864309
15,385.36103302510367,386.3916182102471,179.92949475319432,0,899.4046444047915,998.019075678508
20,469.23211418782796,468.48142879077693,147.7141075126814,0,1027.6784642019325,1155.0783939731168
25,583.5594544541441,639.7016301035269,114.24737053201189,0,1130.1423039901163,1313.1147404937897
30,667.5674061577245,711.1828061722347,194.76303271503252,0,1211.3100758902892,1376.7046271840434
