name,variant,train_score,test_score,full_score,full_mean,full_std,full_sharpe,cv_mean_score,cv_min_score
base,normal,846.3341949887315,797.0373669249658,826.8190247609373,902.5572880392028,4319.139412957711,3.3040572161504262,798.7446854525589,432.86172466995146
base,regime40_m250,864.1126676673374,797.0373669249658,837.5042000692997,912.4026950144032,4314.193421964551,3.343928258793282,812.6369839276502,460.7687748439798
base,hold2_decay075,613.4175810851007,942.4365895606678,746.5930094226477,853.0004687119974,5091.706377768132,2.648841199974574,723.0477972667807,419.8128533114714
base,dispersion_max_q90,431.3733063612289,804.7612155204575,583.0805433018577,643.2603939375956,3267.5187965590258,3.112710438823062,531.8009340578767,83.7165799666321
robust_excl,normal,830.6469744121687,821.7801667772729,827.2852602811248,901.2731291872113,4261.6624047376845,3.343854594125455,803.5369935841765,439.10850460607975
robust_excl,regime40_m250,830.6469744121687,821.7801667772729,827.2852602811248,901.2731291872113,4261.6624047376845,3.343854594125455,803.5369935841765,439.10850460607975
robust_excl,hold2_decay075,594.6627255515039,989.5558656616679,754.7487577192738,858.0989143640111,5020.670533431603,2.7023751200552844,732.6033757587554,438.8855232280001
robust_excl,dispersion_max_q90,401.24937541370304,799.1887593816731,563.1687015105213,623.2749655576027,3219.513865929634,3.060972217859833,517.4624414087339,74.8774764040467
