mode,full_score,full_mean,full_std,full_sharpe,cv_mean_score,cv_min_score,cv_mean_pl,cv_mean_sharpe
both,826.8190247609373,902.5572880392028,4319.139412957711,3.3040572161504262,798.7446854525589,432.86172466995146,881.8109096285041,3.2351317669244146
long_only,183.96494130751276,265.08199812959947,2783.1640058941184,1.505953078982725,181.52034085092316,58.186350684443404,260.1313435209994,1.4930725827835853
short_only,573.86310936273,637.4752899096012,3355.825326412686,3.0035440943903713,552.7564637160172,303.8650469891647,621.6795661075028,2.9164162012718906
