kind,threshold,train_val_score,train_val_mean,train_val_sharpe,test_score,test_mean,test_std,test_sharpe,test_dvolume
baseline,0.0015,1827.1301524646478,1891.7442240920116,5.317667615264226,74.76964175389108,241.63683174666406,5707.631991253409,0.6693868456106769,64917052.21999999
baseline,0.002,1827.1301524646478,1891.7442240920116,5.317667615264226,14.915014553349955,129.16964433333294,5652.694713767387,0.3613058030998441,64876313.5
baseline,0.0,1630.016417015668,1708.7415263940127,4.550292900331267,59.64003477039734,223.44119510800036,5854.944637593114,0.6034071570161081,67352979.69000001
baseline,0.003,1621.2336467949287,1690.942121360005,4.822586373005442,-86.76537845200704,-86.76537845200704,5543.766809459443,-0.24746370778679128,63609444.669999994
baseline,0.001,1618.1072941890027,1697.138350996012,4.524856004599252,10.8974167014108,117.28290445466138,5794.075265023074,0.32005202876421485,66126252.510000005
baseline,0.0005,1599.3931055330538,1679.3848303400132,4.471518986501874,66.93081405962843,234.16469089999873,5852.487423530516,0.6326316634667764,67345099.81000002
baseline,0.005,1194.0812547837636,1264.267522581994,4.1246857450505425,80.85397348917984,232.31117739866255,5027.2952733117645,0.7306438219325635,59886497.709999986
