kind,threshold,train_val_score,train_val_mean,train_val_sharpe,test_score,test_mean,test_std,test_sharpe,test_dvolume,selected_model
baseline,0.0015,1827.1301524646478,1891.7442240920116,5.317667615264226,74.76964175389108,241.63683174666406,5707.631991253409,0.6693868456106769,64917052.21999999,best_train_baseline
,,1318.8764539135907,,,-142.29509465599742,-142.29509465599742,4800.083190434015,-0.46871750043723664,66481976.75999999,day_tree
,,1581.26580155026,,,186.35070598710826,273.7447766493347,2964.0894697046133,1.460240995816231,23986652.290000003,asset_tree
